Metric,Baseline,RA-NER,Improvement
Precision,0.0,0.4973544973544973,0.4973544973544973
Recall,0.0,0.5340909090909091,0.5340909090909091
F1,0.0,0.5150684931506849,0.5150684931506849
Accuracy,0.6942105263157895,0.8105263157894737,0.11631578947368415
