{
    "baseline": {
        "precision": 0.8838174273858921,
        "recall": 0.7006578947368421,
        "f1": 0.781651376146789,
        "accuracy": 0.9585465711361311
    },
    "proposed": {
        "precision": 0.9198174273858921,
        "recall": 0.7282578947368421,
        "f1": 0.7975513761467891,
        "accuracy": 0.964266571136131
    }
}